System_Name,Tm (Liquidus)
In0.01Sb0.99,215.97970809939335
Ga30Sb30Sn40,593.8
Bi0.005Ge0.005In0.990,258.65650080256955
Sn13.3Bi50Cd10Pb26.7,72.14
